                  epoch,         train/box_loss,         train/cls_loss,         train/dfl_loss,   metrics/precision(B),      metrics/recall(B),       metrics/mAP50(B),    metrics/mAP50-95(B),           val/box_loss,           val/cls_loss,           val/dfl_loss,                 lr/pg0,                 lr/pg1,                 lr/pg2
                      1,                 1.4526,                 1.8904,                 1.3254,0.790148,0.655363,0.773425,0.630722,                    nan,                    nan,                    nan,             0.00036936,             0.00036936,             0.00036936
                      2,                 1.4188,                 1.3082,                 1.3199,0.790148,0.655363,0.773425,0.630722,                    nan,                    nan,                    nan,             0.00073054,             0.00073054,             0.00073054
                      3,                 1.4015,                 1.2573,                 1.3119,0.790148,0.655363,0.773425,0.630722,                    nan,                    nan,                    nan,              0.0010826,              0.0010826,              0.0010826
                      4,                  1.383,                 1.2187,                 1.3048,0.790148,0.655363,0.773425,0.630722,                    nan,                    nan,                    nan,              0.0010698,              0.0010698,              0.0010698
                      5,                 1.3557,                 1.1672,                 1.2918,0.790148,0.655363,0.773425,0.630722,                    nan,                    nan,                    nan,               0.001056,               0.001056,               0.001056
                      6,                 1.3349,                 1.1091,                 1.2717,0.790148,0.655363,0.773425,0.630722,                    nan,                    nan,                    nan,              0.0010423,              0.0010423,              0.0010423
                      7,                 1.3137,                 1.0992,                 1.2708,0.790148,0.655363,0.773425,0.630722,                    nan,                    nan,                    nan,              0.0010285,              0.0010285,              0.0010285
                      8,                 1.3089,                 1.0792,                 1.2641,0.790148,0.655363,0.773425,0.630722,                    nan,                    nan,                    nan,              0.0010148,              0.0010148,              0.0010148
                      9,                 1.2822,                 1.0488,                 1.2455,0.790148,0.655363,0.773425,0.630722,                    nan,                    nan,                    nan,               0.001001,               0.001001,               0.001001
                     10,                 1.2665,                 1.0181,                 1.2357,0.790148,0.655363,0.773425,0.630722,                    nan,                    nan,                    nan,             0.00098726,             0.00098726,             0.00098726
                     11,                  1.255,                 1.0172,                 1.2355,0.790148,0.655363,0.773425,0.630722,                    nan,                    nan,                    nan,             0.00097351,             0.00097351,             0.00097351
                     12,                 1.2528,                 1.0015,                 1.2373,0.790148,0.655363,0.773425,0.630722,                    nan,                    nan,                    nan,             0.00095977,             0.00095977,             0.00095977
                     13,                 1.2343,                0.99788,                 1.2226,0.790148,0.655363,0.773425,0.630722,                    nan,                    nan,                    nan,             0.00094602,             0.00094602,             0.00094602
                     14,                 1.2539,                 1.0082,                 1.2363,0.790148,0.655363,0.773425,0.630722,                    nan,                    nan,                    nan,             0.00093227,             0.00093227,             0.00093227
                     15,                 1.2245,                 0.9734,                 1.2133,0.790148,0.655363,0.773425,0.630722,                    nan,                    nan,                    nan,             0.00091852,             0.00091852,             0.00091852
                     16,                 1.2119,                0.95656,                 1.2058,0.790148,0.655363,0.773425,0.630722,                    nan,                    nan,                    nan,             0.00090477,             0.00090477,             0.00090477
                     17,                 1.2026,                 0.9356,                  1.195,0.790148,0.655363,0.773425,0.630722,                    nan,                    nan,                    nan,             0.00089102,             0.00089102,             0.00089102
                     18,                 1.1875,                0.92687,                 1.1942,0.790148,0.655363,0.773425,0.630722,                    nan,                    nan,                    nan,             0.00087727,             0.00087727,             0.00087727
                     19,                 1.1924,                0.91801,                    1.2,0.790148,0.655363,0.773425,0.630722,                    nan,                    nan,                    nan,             0.00086352,             0.00086352,             0.00086352
                     20,                 1.1829,                0.90911,                 1.1965,0.790148,0.655363,0.773425,0.630722,                    nan,                    nan,                    nan,             0.00084978,             0.00084978,             0.00084978
                     21,                 1.1822,                0.90813,                 1.1871,0.790148,0.655363,0.773425,0.630722,                    nan,                    nan,                    nan,             0.00083603,             0.00083603,             0.00083603
                     22,                 1.1744,                 0.9128,                 1.1857,0.790148,0.655363,0.773425,0.630722,                    nan,                    nan,                    nan,             0.00082228,             0.00082228,             0.00082228
                     23,                  1.157,                0.89722,                 1.1806,0.790148,0.655363,0.773425,0.630722,                    nan,                    nan,                    nan,             0.00080853,             0.00080853,             0.00080853
                     24,                  1.173,                0.89854,                 1.1822,0.790148,0.655363,0.773425,0.630722,                    nan,                    nan,                    nan,             0.00079478,             0.00079478,             0.00079478
                     25,                 1.1564,                0.88684,                 1.1786,0.790148,0.655363,0.773425,0.630722,                    nan,                    nan,                    nan,             0.00078103,             0.00078103,             0.00078103
                     26,                 1.1483,                0.88306,                 1.1807,0.790148,0.655363,0.773425,0.630722,                    nan,                    nan,                    nan,             0.00076728,             0.00076728,             0.00076728
                     27,                  1.148,                0.86948,                 1.1717,0.790148,0.655363,0.773425,0.630722,                    nan,                    nan,                    nan,             0.00075354,             0.00075354,             0.00075354
                     28,                 1.1425,                0.87337,                 1.1643,0.790148,0.655363,0.773425,0.630722,                    nan,                    nan,                    nan,             0.00073979,             0.00073979,             0.00073979
                     29,                 1.1396,                 0.8696,                 1.1741,0.790148,0.655363,0.773425,0.630722,                    nan,                    nan,                    nan,             0.00072604,             0.00072604,             0.00072604
                     30,                 1.1349,                0.86014,                 1.1636,0.790148,0.655363,0.773425,0.630722,                    nan,                    nan,                    nan,             0.00071229,             0.00071229,             0.00071229
                     31,                 1.1187,                0.84021,                 1.1556,0.790148,0.655363,0.773425,0.630722,                    nan,                    nan,                    nan,             0.00069854,             0.00069854,             0.00069854
                     32,                 1.1284,                0.85156,                 1.1587,0.790148,0.655363,0.773425,0.630722,                    nan,                    nan,                    nan,             0.00068479,             0.00068479,             0.00068479
                     33,                  1.105,                0.83676,                 1.1558,0.790148,0.655363,0.773425,0.630722,                    nan,                    nan,                    nan,             0.00067104,             0.00067104,             0.00067104
                     34,                 1.1194,                0.83626,                 1.1564,0.790148,0.655363,0.773425,0.630722,                    nan,                    nan,                    nan,              0.0006573,              0.0006573,              0.0006573
                     35,                 1.1143,                0.83369,                 1.1519,0.790148,0.655363,0.773425,0.630722,                    nan,                    nan,                    nan,             0.00064355,             0.00064355,             0.00064355
                     36,                  1.098,                0.81772,                 1.1438,0.790148,0.655363,0.773425,0.630722,                    nan,                    nan,                    nan,              0.0006298,              0.0006298,              0.0006298
                     37,                 1.0925,                0.82101,                 1.1501,0.790148,0.655363,0.773425,0.630722,                    nan,                    nan,                    nan,             0.00061605,             0.00061605,             0.00061605
                     38,                 1.0944,                0.81612,                 1.1395,0.790148,0.655363,0.773425,0.630722,                    nan,                    nan,                    nan,              0.0006023,              0.0006023,              0.0006023
                     39,                 1.0859,                0.80783,                 1.1428,0.790148,0.655363,0.773425,0.630722,                    nan,                    nan,                    nan,             0.00058855,             0.00058855,             0.00058855
                     40,                 1.0819,                0.80055,                 1.1347,0.790148,0.655363,0.773425,0.630722,                    nan,                    nan,                    nan,              0.0005748,              0.0005748,              0.0005748
                     41,                 1.0866,                0.80214,                 1.1366,0.790148,0.655363,0.773425,0.630722,                    nan,                    nan,                    nan,             0.00056105,             0.00056105,             0.00056105
                     42,                 1.0811,                0.78647,                 1.1331,0.790148,0.655363,0.773425,0.630722,                    nan,                    nan,                    nan,             0.00054731,             0.00054731,             0.00054731
                     43,                 1.0791,                0.78761,                 1.1392,0.790148,0.655363,0.773425,0.630722,                    nan,                    nan,                    nan,             0.00053356,             0.00053356,             0.00053356
                     44,                 1.0742,                0.78959,                 1.1361,0.790148,0.655363,0.773425,0.630722,                    nan,                    nan,                    nan,             0.00051981,             0.00051981,             0.00051981
                     45,                 1.0658,                0.77813,                 1.1268,0.790148,0.655363,0.773425,0.630722,                    nan,                    nan,                    nan,             0.00050606,             0.00050606,             0.00050606
                     46,                 1.0647,                0.78272,                 1.1251,0.790148,0.655363,0.773425,0.630722,                    nan,                    nan,                    nan,             0.00049231,             0.00049231,             0.00049231
                     47,                 1.0536,                0.76975,                 1.1224,0.790148,0.655363,0.773425,0.630722,                    nan,                    nan,                    nan,             0.00047856,             0.00047856,             0.00047856
                     48,                 1.0616,                0.77147,                 1.1246,0.790148,0.655363,0.773425,0.630722,                    nan,                    nan,                    nan,             0.00046481,             0.00046481,             0.00046481
                     49,                 1.0535,                 0.7625,                 1.1229,0.790148,0.655363,0.773425,0.630722,                    nan,                    nan,                    nan,             0.00045107,             0.00045107,             0.00045107
                     50,                  1.049,                0.76083,                 1.1224,0.790148,0.655363,0.773425,0.630722,                    nan,                    nan,                    nan,             0.00043732,             0.00043732,             0.00043732
                     51,                 1.0471,                 0.7605,                 1.1256,0.790148,0.655363,0.773425,0.630722,                    nan,                    nan,                    nan,             0.00042357,             0.00042357,             0.00042357
                     52,                 1.0493,                0.76402,                 1.1196,0.790148,0.655363,0.773425,0.630722,                    nan,                    nan,                    nan,             0.00040982,             0.00040982,             0.00040982
                     53,                 1.0433,                0.75275,                  1.115,0.790148,0.655363,0.773425,0.630722,                    nan,                    nan,                    nan,             0.00039607,             0.00039607,             0.00039607
                     54,                 1.0315,                0.74053,                 1.1063,0.790148,0.655363,0.773425,0.630722,                    nan,                    nan,                    nan,             0.00038232,             0.00038232,             0.00038232
                     55,                 1.0321,                0.74205,                 1.1121,0.790148,0.655363,0.773425,0.630722,                    nan,                    nan,                    nan,             0.00036857,             0.00036857,             0.00036857
                     56,                 1.0321,                0.73749,                 1.1145,0.790148,0.655363,0.773425,0.630722,                    nan,                    nan,                    nan,             0.00035483,             0.00035483,             0.00035483
                     57,                 1.0236,                0.72415,                 1.1042,0.790148,0.655363,0.773425,0.630722,                    nan,                    nan,                    nan,             0.00034108,             0.00034108,             0.00034108
                     58,                 1.0225,                0.73359,                 1.1012,0.790148,0.655363,0.773425,0.630722,                    nan,                    nan,                    nan,             0.00032733,             0.00032733,             0.00032733
                     59,                 1.0226,                0.72521,                 1.1009,0.790148,0.655363,0.773425,0.630722,                    nan,                    nan,                    nan,             0.00031358,             0.00031358,             0.00031358
                     60,                 1.0102,                0.71761,                  1.096,0.790148,0.655363,0.773425,0.630722,                    nan,                    nan,                    nan,             0.00029983,             0.00029983,             0.00029983
                     61,                 1.0084,                0.71212,                 1.0928,0.790148,0.655363,0.773425,0.630722,                    nan,                    nan,                    nan,             0.00028608,             0.00028608,             0.00028608
                     62,                 1.0036,                0.71317,                 1.0968,0.790148,0.655363,0.773425,0.630722,                    nan,                    nan,                    nan,             0.00027233,             0.00027233,             0.00027233
                     63,                 1.0059,                0.71257,                  1.095,0.790148,0.655363,0.773425,0.630722,                    nan,                    nan,                    nan,             0.00025859,             0.00025859,             0.00025859
                     64,                0.99706,                0.70531,                 1.0882,0.790148,0.655363,0.773425,0.630722,                    nan,                    nan,                    nan,             0.00024484,             0.00024484,             0.00024484
                     65,                0.99292,                0.70281,                 1.0909,0.790148,0.655363,0.773425,0.630722,                    nan,                    nan,                    nan,             0.00023109,             0.00023109,             0.00023109
                     66,                0.99542,                0.70191,                  1.091,0.790148,0.655363,0.773425,0.630722,                    nan,                    nan,                    nan,             0.00021734,             0.00021734,             0.00021734
                     67,                  1.001,                0.70912,                 1.0879,0.790148,0.655363,0.773425,0.630722,                    nan,                    nan,                    nan,             0.00020359,             0.00020359,             0.00020359
                     68,                 0.9927,                0.69521,                  1.087,0.790148,0.655363,0.773425,0.630722,                    nan,                    nan,                    nan,             0.00018984,             0.00018984,             0.00018984
                     69,                0.99849,                0.70068,                  1.094,0.790148,0.655363,0.773425,0.630722,                    nan,                    nan,                    nan,             0.00017609,             0.00017609,             0.00017609
                     70,                 0.9814,                0.69368,                 1.0834,0.790148,0.655363,0.773425,0.630722,                    nan,                    nan,                    nan,             0.00016234,             0.00016234,             0.00016234
                     71,                0.92282,                0.61557,                 1.0613,0.790148,0.655363,0.773425,0.630722,                    nan,                    nan,                    nan,              0.0001486,              0.0001486,              0.0001486
                     72,                0.91401,                0.60023,                 1.0582,0.790148,0.655363,0.773425,0.630722,                    nan,                    nan,                    nan,             0.00013485,             0.00013485,             0.00013485
                     73,                0.91047,                0.59542,                 1.0541,0.790148,0.655363,0.773425,0.630722,                    nan,                    nan,                    nan,              0.0001211,              0.0001211,              0.0001211
                     74,                0.90069,                0.59523,                 1.0517,0.790148,0.655363,0.773425,0.630722,                    nan,                    nan,                    nan,             0.00010735,             0.00010735,             0.00010735
                     75,                0.90905,                0.58856,                 1.0553,0.790148,0.655363,0.773425,0.630722,                    nan,                    nan,                    nan,             9.3602e-05,             9.3602e-05,             9.3602e-05
                     76,                0.90072,                0.58386,                  1.051,0.790148,0.655363,0.773425,0.630722,                    nan,                    nan,                    nan,             7.9853e-05,             7.9853e-05,             7.9853e-05
                     77,                 0.9051,                0.59037,                 1.0513,0.790148,0.655363,0.773425,0.630722,                    nan,                    nan,                    nan,             6.6105e-05,             6.6105e-05,             6.6105e-05
                     78,                0.89363,                0.57658,                 1.0449,0.790148,0.655363,0.773425,0.630722,                    nan,                    nan,                    nan,             5.2356e-05,             5.2356e-05,             5.2356e-05
                     79,                0.89437,                0.57331,                 1.0448,0.790148,0.655363,0.773425,0.630722,                    nan,                    nan,                    nan,             3.8607e-05,             3.8607e-05,             3.8607e-05
                     80,                0.89237,                0.57611,                  1.045,0.790148,0.655363,0.773425,0.630722,                    nan,                    nan,                    nan,             2.4859e-05,             2.4859e-05,             2.4859e-05
